PublishTime,StartTime,SettlementDate,SettlementPeriod,Boundary,IndicatedGeneration,IndicatedDemand,IndicatedMargin,IndicatedImbalance
2025-11-10T11:48:00Z,2025-11-11T23:30:00Z,2025-11-11,48,N,22294,,39624,-617
2025-11-10T12:17:00Z,2025-11-11T23:30:00Z,2025-11-11,48,N,22378,-13758,39617,-533
2025-11-10T12:48:00Z,2025-11-11T23:30:00Z,2025-11-11,48,N,22504,-13737,39627,-407
2025-11-10T13:18:00Z,2025-11-11T23:30:00Z,2025-11-11,48,N,22519,-13747,39620,-392
2025-11-10T13:49:00Z,2025-11-11T23:30:00Z,2025-11-11,48,N,22501,-13557,39585,-410
2025-11-10T14:19:00Z,2025-11-11T23:30:00Z,2025-11-11,48,N,22390,-13636,39569,-521
2025-11-10T14:47:00Z,2025-11-11T23:30:00Z,2025-11-11,48,N,22402,-13633,39113,-508
2025-11-10T15:17:00Z,2025-11-11T23:30:00Z,2025-11-11,48,N,22412,-13640,39121,-499
2025-11-10T15:47:00Z,2025-11-11T23:30:00Z,2025-11-11,48,N,22560,-13643,39057,-351
2025-11-10T16:17:00Z,2025-11-11T23:30:00Z,2025-11-11,48,N,22530,-13624,39085,-380
2025-11-10T16:47:00Z,2025-11-11T23:30:00Z,2025-11-11,48,N,22514,-13646,39016,-467
2025-11-10T17:18:00Z,2025-11-11T23:30:00Z,2025-11-11,48,N,22451,-13774,39012,-532
2025-11-10T17:47:00Z,2025-11-11T23:30:00Z,2025-11-11,48,N,22485,-13782,39017,-496
2025-11-10T18:17:00Z,2025-11-11T23:30:00Z,2025-11-11,48,N,22436,-13806,38986,-545
2025-11-10T18:47:00Z,2025-11-11T23:30:00Z,2025-11-11,48,N,22127,-13858,39356,-854
2025-11-10T19:17:00Z,2025-11-11T23:30:00Z,2025-11-11,48,N,22103,-13870,39014,-878
2025-11-10T19:47:00Z,2025-11-11T23:30:00Z,2025-11-11,48,N,21985,-13748,38965,-996
2025-11-10T20:17:00Z,2025-11-11T23:30:00Z,2025-11-11,48,N,21955,-13918,38947,-1026
2025-11-10T20:47:00Z,2025-11-11T23:30:00Z,2025-11-11,48,N,21954,-13934,38955,-1027
2025-11-10T21:17:00Z,2025-11-11T23:30:00Z,2025-11-11,48,N,21941,-13922,38954,-1040
2025-11-10T21:47:00Z,2025-11-11T23:30:00Z,2025-11-11,48,N,21837,-13914,38999,-1144
2025-11-10T22:17:00Z,2025-11-11T23:30:00Z,2025-11-11,48,N,21816,-13897,39063,-1165
2025-11-10T22:46:00Z,2025-11-11T23:30:00Z,2025-11-11,48,N,21771,-13797,,
2025-11-10T23:17:00Z,2025-11-11T23:30:00Z,2025-11-11,48,N,21773,-13910,38696,-1208
2025-11-10T23:47:00Z,2025-11-11T23:30:00Z,2025-11-11,48,N,22958,-13924,38696,-23
2025-11-11T00:16:00Z,2025-11-11T23:30:00Z,2025-11-11,48,N,22966,-13929,,
2025-11-11T00:46:00Z,2025-11-11T23:30:00Z,2025-11-11,48,N,23209,-13907,38625,228
2025-11-11T01:17:00Z,2025-11-11T23:30:00Z,2025-11-11,48,N,23233,-13906,38619,252
2025-11-11T01:46:00Z,2025-11-11T23:30:00Z,2025-11-11,48,N,23200,-13892,38619,219
2025-11-11T02:16:00Z,2025-11-11T23:30:00Z,2025-11-11,48,N,23183,-13907,38610,202
2025-11-11T02:46:00Z,2025-11-11T23:30:00Z,2025-11-11,48,N,23196,-13900,38590,215
2025-11-11T03:16:00Z,2025-11-11T23:30:00Z,2025-11-11,48,N,23213,-13893,39973,232
2025-11-11T03:46:00Z,2025-11-11T23:30:00Z,2025-11-11,48,N,23237,-13886,39977,256
2025-11-11T04:16:00Z,2025-11-11T23:30:00Z,2025-11-11,48,N,23185,-13900,39973,204
2025-11-11T04:46:00Z,2025-11-11T23:30:00Z,2025-11-11,48,N,23117,-13846,39941,106
2025-11-11T05:16:00Z,2025-11-11T23:30:00Z,2025-11-11,48,N,23101,-13922,39963,90
2025-11-11T05:46:00Z,2025-11-11T23:30:00Z,2025-11-11,48,N,23074,-13923,39960,64
2025-11-11T06:16:00Z,2025-11-11T23:30:00Z,2025-11-11,48,N,22980,-13905,39960,-31
2025-11-11T06:46:00Z,2025-11-11T23:30:00Z,2025-11-11,48,N,22883,-13802,39988,-127
2025-11-11T07:16:00Z,2025-11-11T23:30:00Z,2025-11-11,48,N,22786,-13808,39986,-225
2025-11-11T07:46:00Z,2025-11-11T23:30:00Z,2025-11-11,48,N,22585,-13826,39899,-436
2025-11-11T08:16:00Z,2025-11-11T23:30:00Z,2025-11-11,48,N,22035,-13824,41111,-986
2025-11-11T09:16:00Z,2025-11-11T23:30:00Z,2025-11-11,48,N,21935,-14052,40319,-1448
2025-11-11T09:46:00Z,2025-11-11T23:30:00Z,2025-11-11,48,N,21981,-14157,40215,-1495
2025-11-11T10:16:00Z,2025-11-11T23:30:00Z,2025-11-11,48,N,23496,-14179,41608,21
2025-11-11T10:46:00Z,2025-11-11T23:30:00Z,2025-11-11,48,N,23526,-14159,41569,41
2025-11-11T11:16:00Z,2025-11-11T23:30:00Z,2025-11-11,48,N,23581,-14132,41758,326
2025-11-11T11:47:00Z,2025-11-11T23:30:00Z,2025-11-11,48,N,23569,-14130,41741,314
2025-11-11T12:17:00Z,2025-11-11T23:30:00Z,2025-11-11,48,N,23708,-14933,41212,-365
2025-11-11T12:48:00Z,2025-11-11T23:30:00Z,2025-11-11,48,N,24681,-15006,41789,548
2025-11-11T13:17:00Z,2025-11-11T23:30:00Z,2025-11-11,48,N,26062,-15012,43106,1930
2025-11-11T13:47:00Z,2025-11-11T23:30:00Z,2025-11-11,48,N,26106,-16075,42041,912
2025-11-11T14:17:00Z,2025-11-11T23:30:00Z,2025-11-11,48,N,26226,-16053,42049,1032
2025-11-11T14:47:00Z,2025-11-11T23:30:00Z,2025-11-11,48,N,26210,-16038,41856,1016
2025-11-11T15:18:00Z,2025-11-11T23:30:00Z,2025-11-11,48,N,26317,-16051,41617,1123
2025-11-11T15:47:00Z,2025-11-11T23:30:00Z,2025-11-11,48,N,26232,-16057,41523,908
2025-11-11T16:17:00Z,2025-11-11T23:30:00Z,2025-11-11,48,N,26227,-16067,40800,903
2025-11-11T16:47:00Z,2025-11-11T23:30:00Z,2025-11-11,48,N,26191,-16014,40866,927
2025-11-11T17:17:00Z,2025-11-11T23:30:00Z,2025-11-11,48,N,26688,-16358,40455,1086
2025-11-11T17:47:00Z,2025-11-11T23:30:00Z,2025-11-11,48,N,27045,-16353,40395,1443
2025-11-11T18:17:00Z,2025-11-11T23:30:00Z,2025-11-11,48,N,27037,-16731,39638,1055
2025-11-11T18:47:00Z,2025-11-11T23:30:00Z,2025-11-11,48,N,26946,-16788,39276,914
2025-11-11T19:17:00Z,2025-11-11T23:30:00Z,2025-11-11,48,N,26880,-16541,39303,1121
2025-11-11T19:47:00Z,2025-11-11T23:30:00Z,2025-11-11,48,N,26935,-16831,39023,903
2025-11-11T20:17:00Z,2025-11-11T23:30:00Z,2025-11-11,48,N,27030,-16830,38340,998
2025-11-11T20:47:00Z,2025-11-11T23:30:00Z,2025-11-11,48,N,27050,-16828,38346,1018
2025-11-11T21:17:00Z,2025-11-11T23:30:00Z,2025-11-11,48,N,27024,-16726,38553,1104
2025-11-11T21:47:00Z,2025-11-11T23:30:00Z,2025-11-11,48,N,26743,-16703,38182,823
2025-11-11T22:17:00Z,2025-11-11T23:30:00Z,2025-11-11,48,N,26603,-16621,37169,775
2025-11-11T22:47:00Z,2025-11-11T23:30:00Z,2025-11-11,48,N,26556,-16673,36923,728
2025-11-11T23:17:00Z,2025-11-11T23:30:00Z,2025-11-11,48,N,26556,-16673,36929,728
