PublishTime,ProcessType,BusinessType,PsrType,StartTime,SettlementDate,SettlementPeriod,Quantity
2025-11-19T16:45:06Z,Day ahead,Solar generation,Solar,2025-11-20T23:30:00Z,2025-11-20,48,0.000
2025-11-19T16:45:06Z,Day ahead,Wind generation,Wind Onshore,2025-11-20T23:30:00Z,2025-11-20,48,2725.334
2025-11-19T16:45:06Z,Day ahead,Wind generation,Wind Offshore,2025-11-20T23:30:00Z,2025-11-20,48,7721.478
2025-11-19T16:45:06Z,Day ahead,Solar generation,Solar,2025-11-20T23:00:00Z,2025-11-20,47,0.000
2025-11-19T16:45:06Z,Day ahead,Wind generation,Wind Onshore,2025-11-20T23:00:00Z,2025-11-20,47,2725.334
2025-11-19T16:45:06Z,Day ahead,Wind generation,Wind Offshore,2025-11-20T23:00:00Z,2025-11-20,47,7721.478
2025-11-19T16:45:06Z,Day ahead,Solar generation,Solar,2025-11-20T22:30:00Z,2025-11-20,46,0.000
2025-11-19T16:45:06Z,Day ahead,Wind generation,Wind Onshore,2025-11-20T22:30:00Z,2025-11-20,46,2945.676
2025-11-19T16:45:06Z,Day ahead,Wind generation,Wind Offshore,2025-11-20T22:30:00Z,2025-11-20,46,8254.269
2025-11-19T16:45:06Z,Day ahead,Solar generation,Solar,2025-11-20T22:00:00Z,2025-11-20,45,0.000
2025-11-19T16:45:06Z,Day ahead,Wind generation,Wind Onshore,2025-11-20T22:00:00Z,2025-11-20,45,2945.676
2025-11-19T16:45:06Z,Day ahead,Wind generation,Wind Offshore,2025-11-20T22:00:00Z,2025-11-20,45,8254.269
2025-11-19T16:45:06Z,Day ahead,Solar generation,Solar,2025-11-20T21:30:00Z,2025-11-20,44,0.000
2025-11-19T16:45:06Z,Day ahead,Wind generation,Wind Onshore,2025-11-20T21:30:00Z,2025-11-20,44,3245.471
2025-11-19T16:45:06Z,Day ahead,Wind generation,Wind Offshore,2025-11-20T21:30:00Z,2025-11-20,44,8916.820
2025-11-19T16:45:06Z,Day ahead,Solar generation,Solar,2025-11-20T21:00:00Z,2025-11-20,43,0.000
2025-11-19T16:45:06Z,Day ahead,Wind generation,Wind Onshore,2025-11-20T21:00:00Z,2025-11-20,43,3245.471
2025-11-19T16:45:06Z,Day ahead,Wind generation,Wind Offshore,2025-11-20T21:00:00Z,2025-11-20,43,8916.820
2025-11-19T16:45:06Z,Day ahead,Solar generation,Solar,2025-11-20T20:30:00Z,2025-11-20,42,0.000
2025-11-19T16:45:06Z,Day ahead,Wind generation,Wind Onshore,2025-11-20T20:30:00Z,2025-11-20,42,3605.831
2025-11-19T16:45:06Z,Day ahead,Wind generation,Wind Offshore,2025-11-20T20:30:00Z,2025-11-20,42,9517.216
2025-11-19T16:45:06Z,Day ahead,Solar generation,Solar,2025-11-20T20:00:00Z,2025-11-20,41,0.000
2025-11-19T16:45:06Z,Day ahead,Wind generation,Wind Onshore,2025-11-20T20:00:00Z,2025-11-20,41,3605.831
2025-11-19T16:45:06Z,Day ahead,Wind generation,Wind Offshore,2025-11-20T20:00:00Z,2025-11-20,41,9517.216
2025-11-19T16:45:06Z,Day ahead,Solar generation,Solar,2025-11-20T19:30:00Z,2025-11-20,40,0.000
2025-11-19T16:45:06Z,Day ahead,Wind generation,Wind Onshore,2025-11-20T19:30:00Z,2025-11-20,40,4037.464
2025-11-19T16:45:06Z,Day ahead,Wind generation,Wind Offshore,2025-11-20T19:30:00Z,2025-11-20,40,9816.000
2025-11-19T16:45:06Z,Day ahead,Solar generation,Solar,2025-11-20T19:00:00Z,2025-11-20,39,0.000
2025-11-19T16:45:06Z,Day ahead,Wind generation,Wind Onshore,2025-11-20T19:00:00Z,2025-11-20,39,4037.464
2025-11-19T16:45:06Z,Day ahead,Wind generation,Wind Offshore,2025-11-20T19:00:00Z,2025-11-20,39,9816.000
2025-11-19T16:45:06Z,Day ahead,Solar generation,Solar,2025-11-20T18:30:00Z,2025-11-20,38,0.000
2025-11-19T16:45:06Z,Day ahead,Wind generation,Wind Onshore,2025-11-20T18:30:00Z,2025-11-20,38,4512.737
2025-11-19T16:45:06Z,Day ahead,Wind generation,Wind Offshore,2025-11-20T18:30:00Z,2025-11-20,38,9857.935
2025-11-19T16:45:06Z,Day ahead,Solar generation,Solar,2025-11-20T18:00:00Z,2025-11-20,37,0.000
2025-11-19T16:45:06Z,Day ahead,Wind generation,Wind Onshore,2025-11-20T18:00:00Z,2025-11-20,37,4512.737
2025-11-19T16:45:06Z,Day ahead,Wind generation,Wind Offshore,2025-11-20T18:00:00Z,2025-11-20,37,9857.935
2025-11-19T16:45:06Z,Day ahead,Solar generation,Solar,2025-11-20T17:30:00Z,2025-11-20,36,0.000
2025-11-19T16:45:06Z,Day ahead,Wind generation,Wind Onshore,2025-11-20T17:30:00Z,2025-11-20,36,4854.848
2025-11-19T16:45:06Z,Day ahead,Wind generation,Wind Offshore,2025-11-20T17:30:00Z,2025-11-20,36,9863.620
2025-11-19T16:45:06Z,Day ahead,Solar generation,Solar,2025-11-20T17:00:00Z,2025-11-20,35,0.000
2025-11-19T16:45:06Z,Day ahead,Wind generation,Wind Onshore,2025-11-20T17:00:00Z,2025-11-20,35,4854.848
2025-11-19T16:45:06Z,Day ahead,Wind generation,Wind Offshore,2025-11-20T17:00:00Z,2025-11-20,35,9863.620
2025-11-19T16:45:06Z,Day ahead,Solar generation,Solar,2025-11-20T16:30:00Z,2025-11-20,34,0.000
2025-11-19T16:45:06Z,Day ahead,Wind generation,Wind Onshore,2025-11-20T16:30:00Z,2025-11-20,34,4954.114
2025-11-19T16:45:06Z,Day ahead,Wind generation,Wind Offshore,2025-11-20T16:30:00Z,2025-11-20,34,9862.871
2025-11-19T16:45:06Z,Day ahead,Solar generation,Solar,2025-11-20T16:00:00Z,2025-11-20,33,0.000
2025-11-19T16:45:06Z,Day ahead,Wind generation,Wind Onshore,2025-11-20T16:00:00Z,2025-11-20,33,4954.114
2025-11-19T16:45:06Z,Day ahead,Wind generation,Wind Offshore,2025-11-20T16:00:00Z,2025-11-20,33,9862.871
2025-11-19T16:45:06Z,Day ahead,Solar generation,Solar,2025-11-20T15:30:00Z,2025-11-20,32,145.000
2025-11-19T16:45:06Z,Day ahead,Wind generation,Wind Onshore,2025-11-20T15:30:00Z,2025-11-20,32,5022.334
2025-11-19T16:45:06Z,Day ahead,Wind generation,Wind Offshore,2025-11-20T15:30:00Z,2025-11-20,32,9800.465
2025-11-19T16:45:06Z,Day ahead,Solar generation,Solar,2025-11-20T15:00:00Z,2025-11-20,31,705.000
2025-11-19T16:45:06Z,Day ahead,Wind generation,Wind Onshore,2025-11-20T15:00:00Z,2025-11-20,31,5022.334
2025-11-19T16:45:06Z,Day ahead,Wind generation,Wind Offshore,2025-11-20T15:00:00Z,2025-11-20,31,9800.465
2025-11-19T16:45:06Z,Day ahead,Solar generation,Solar,2025-11-20T14:30:00Z,2025-11-20,30,1465.000
2025-11-19T16:45:06Z,Day ahead,Wind generation,Wind Onshore,2025-11-20T14:30:00Z,2025-11-20,30,5256.296
2025-11-19T16:45:06Z,Day ahead,Wind generation,Wind Offshore,2025-11-20T14:30:00Z,2025-11-20,30,9576.864
2025-11-19T16:45:06Z,Day ahead,Solar generation,Solar,2025-11-20T14:00:00Z,2025-11-20,29,2196.000
2025-11-19T16:45:06Z,Day ahead,Wind generation,Wind Onshore,2025-11-20T14:00:00Z,2025-11-20,29,5256.296
2025-11-19T16:45:06Z,Day ahead,Wind generation,Wind Offshore,2025-11-20T14:00:00Z,2025-11-20,29,9576.864
2025-11-19T16:45:06Z,Day ahead,Solar generation,Solar,2025-11-20T13:30:00Z,2025-11-20,28,2863.000
2025-11-19T16:45:06Z,Day ahead,Wind generation,Wind Onshore,2025-11-20T13:30:00Z,2025-11-20,28,5384.884
2025-11-19T16:45:06Z,Day ahead,Wind generation,Wind Offshore,2025-11-20T13:30:00Z,2025-11-20,28,9567.720
2025-11-19T16:45:06Z,Day ahead,Solar generation,Solar,2025-11-20T13:00:00Z,2025-11-20,27,3461.000
2025-11-19T16:45:06Z,Day ahead,Wind generation,Wind Onshore,2025-11-20T13:00:00Z,2025-11-20,27,5384.884
2025-11-19T16:45:06Z,Day ahead,Wind generation,Wind Offshore,2025-11-20T13:00:00Z,2025-11-20,27,9567.720
2025-11-19T16:45:06Z,Day ahead,Solar generation,Solar,2025-11-20T12:30:00Z,2025-11-20,26,3935.000
2025-11-19T16:45:06Z,Day ahead,Wind generation,Wind Onshore,2025-11-20T12:30:00Z,2025-11-20,26,5334.124
2025-11-19T16:45:06Z,Day ahead,Wind generation,Wind Offshore,2025-11-20T12:30:00Z,2025-11-20,26,9906.365
2025-11-19T16:45:06Z,Day ahead,Solar generation,Solar,2025-11-20T12:00:00Z,2025-11-20,25,4234.000
2025-11-19T16:45:06Z,Day ahead,Wind generation,Wind Onshore,2025-11-20T12:00:00Z,2025-11-20,25,5334.124
2025-11-19T16:45:06Z,Day ahead,Wind generation,Wind Offshore,2025-11-20T12:00:00Z,2025-11-20,25,9906.365
2025-11-19T16:45:06Z,Day ahead,Solar generation,Solar,2025-11-20T11:30:00Z,2025-11-20,24,4381.000
2025-11-19T16:45:06Z,Day ahead,Wind generation,Wind Onshore,2025-11-20T11:30:00Z,2025-11-20,24,5397.187
2025-11-19T16:45:06Z,Day ahead,Wind generation,Wind Offshore,2025-11-20T11:30:00Z,2025-11-20,24,10107.538
2025-11-19T16:45:06Z,Day ahead,Solar generation,Solar,2025-11-20T11:00:00Z,2025-11-20,23,4399.000
2025-11-19T16:45:06Z,Day ahead,Wind generation,Wind Onshore,2025-11-20T11:00:00Z,2025-11-20,23,5397.187
2025-11-19T16:45:06Z,Day ahead,Wind generation,Wind Offshore,2025-11-20T11:00:00Z,2025-11-20,23,10107.538
2025-11-19T16:45:06Z,Day ahead,Solar generation,Solar,2025-11-20T10:30:00Z,2025-11-20,22,4226.000
2025-11-19T16:45:06Z,Day ahead,Wind generation,Wind Onshore,2025-11-20T10:30:00Z,2025-11-20,22,5672.367
2025-11-19T16:45:06Z,Day ahead,Wind generation,Wind Offshore,2025-11-20T10:30:00Z,2025-11-20,22,10480.372
2025-11-19T16:45:06Z,Day ahead,Solar generation,Solar,2025-11-20T10:00:00Z,2025-11-20,21,3806.000
2025-11-19T16:45:06Z,Day ahead,Wind generation,Wind Onshore,2025-11-20T10:00:00Z,2025-11-20,21,5672.367
2025-11-19T16:45:06Z,Day ahead,Wind generation,Wind Offshore,2025-11-20T10:00:00Z,2025-11-20,21,10480.372
2025-11-19T16:45:06Z,Day ahead,Solar generation,Solar,2025-11-20T09:30:00Z,2025-11-20,20,3194.000
2025-11-19T16:45:06Z,Day ahead,Wind generation,Wind Onshore,2025-11-20T09:30:00Z,2025-11-20,20,5989.102
2025-11-19T16:45:06Z,Day ahead,Wind generation,Wind Offshore,2025-11-20T09:30:00Z,2025-11-20,20,11075.328
2025-11-19T16:45:06Z,Day ahead,Solar generation,Solar,2025-11-20T09:00:00Z,2025-11-20,19,2464.000
2025-11-19T16:45:06Z,Day ahead,Wind generation,Wind Onshore,2025-11-20T09:00:00Z,2025-11-20,19,5989.102
2025-11-19T16:45:06Z,Day ahead,Wind generation,Wind Offshore,2025-11-20T09:00:00Z,2025-11-20,19,11075.328
2025-11-19T16:45:06Z,Day ahead,Solar generation,Solar,2025-11-20T08:30:00Z,2025-11-20,18,1658.000
2025-11-19T16:45:06Z,Day ahead,Wind generation,Wind Onshore,2025-11-20T08:30:00Z,2025-11-20,18,6226.473
2025-11-19T16:45:06Z,Day ahead,Wind generation,Wind Offshore,2025-11-20T08:30:00Z,2025-11-20,18,11599.239
2025-11-19T16:45:06Z,Day ahead,Solar generation,Solar,2025-11-20T08:00:00Z,2025-11-20,17,842.000
2025-11-19T16:45:06Z,Day ahead,Wind generation,Wind Onshore,2025-11-20T08:00:00Z,2025-11-20,17,6226.473
2025-11-19T16:45:06Z,Day ahead,Wind generation,Wind Offshore,2025-11-20T08:00:00Z,2025-11-20,17,11599.239
2025-11-19T16:45:06Z,Day ahead,Solar generation,Solar,2025-11-20T07:30:00Z,2025-11-20,16,235.000
2025-11-19T16:45:06Z,Day ahead,Wind generation,Wind Onshore,2025-11-20T07:30:00Z,2025-11-20,16,6405.520
2025-11-19T16:45:06Z,Day ahead,Wind generation,Wind Offshore,2025-11-20T07:30:00Z,2025-11-20,16,11832.499
2025-11-19T16:45:06Z,Day ahead,Solar generation,Solar,2025-11-20T07:00:00Z,2025-11-20,15,0.000
2025-11-19T16:45:06Z,Day ahead,Wind generation,Wind Onshore,2025-11-20T07:00:00Z,2025-11-20,15,6405.520
2025-11-19T16:45:06Z,Day ahead,Wind generation,Wind Offshore,2025-11-20T07:00:00Z,2025-11-20,15,11832.499
2025-11-19T16:45:06Z,Day ahead,Solar generation,Solar,2025-11-20T06:30:00Z,2025-11-20,14,0.000
2025-11-19T16:45:06Z,Day ahead,Wind generation,Wind Onshore,2025-11-20T06:30:00Z,2025-11-20,14,6571.913
2025-11-19T16:45:06Z,Day ahead,Wind generation,Wind Offshore,2025-11-20T06:30:00Z,2025-11-20,14,11783.584
2025-11-19T16:45:06Z,Day ahead,Solar generation,Solar,2025-11-20T06:00:00Z,2025-11-20,13,0.000
2025-11-19T16:45:06Z,Day ahead,Wind generation,Wind Onshore,2025-11-20T06:00:00Z,2025-11-20,13,6571.913
2025-11-19T16:45:06Z,Day ahead,Wind generation,Wind Offshore,2025-11-20T06:00:00Z,2025-11-20,13,11783.584
2025-11-19T16:45:06Z,Day ahead,Solar generation,Solar,2025-11-20T05:30:00Z,2025-11-20,12,0.000
2025-11-19T16:45:06Z,Day ahead,Wind generation,Wind Onshore,2025-11-20T05:30:00Z,2025-11-20,12,6651.614
2025-11-19T16:45:06Z,Day ahead,Wind generation,Wind Offshore,2025-11-20T05:30:00Z,2025-11-20,12,11936.151
2025-11-19T16:45:06Z,Day ahead,Solar generation,Solar,2025-11-20T05:00:00Z,2025-11-20,11,0.000
2025-11-19T16:45:06Z,Day ahead,Wind generation,Wind Onshore,2025-11-20T05:00:00Z,2025-11-20,11,6651.614
2025-11-19T16:45:06Z,Day ahead,Wind generation,Wind Offshore,2025-11-20T05:00:00Z,2025-11-20,11,11936.151
2025-11-19T16:45:06Z,Day ahead,Solar generation,Solar,2025-11-20T04:30:00Z,2025-11-20,10,0.000
2025-11-19T16:45:06Z,Day ahead,Wind generation,Wind Onshore,2025-11-20T04:30:00Z,2025-11-20,10,6665.033
2025-11-19T16:45:06Z,Day ahead,Wind generation,Wind Offshore,2025-11-20T04:30:00Z,2025-11-20,10,12137.865
2025-11-19T16:45:06Z,Day ahead,Solar generation,Solar,2025-11-20T04:00:00Z,2025-11-20,9,0.000
2025-11-19T16:45:06Z,Day ahead,Wind generation,Wind Onshore,2025-11-20T04:00:00Z,2025-11-20,9,6665.033
2025-11-19T16:45:06Z,Day ahead,Wind generation,Wind Offshore,2025-11-20T04:00:00Z,2025-11-20,9,12137.865
2025-11-19T16:45:06Z,Day ahead,Solar generation,Solar,2025-11-20T03:30:00Z,2025-11-20,8,0.000
2025-11-19T16:45:06Z,Day ahead,Wind generation,Wind Onshore,2025-11-20T03:30:00Z,2025-11-20,8,6641.751
2025-11-19T16:45:06Z,Day ahead,Wind generation,Wind Offshore,2025-11-20T03:30:00Z,2025-11-20,8,12332.333
2025-11-19T16:45:06Z,Day ahead,Solar generation,Solar,2025-11-20T03:00:00Z,2025-11-20,7,0.000
2025-11-19T16:45:06Z,Day ahead,Wind generation,Wind Onshore,2025-11-20T03:00:00Z,2025-11-20,7,6641.751
2025-11-19T16:45:06Z,Day ahead,Wind generation,Wind Offshore,2025-11-20T03:00:00Z,2025-11-20,7,12332.333
2025-11-19T16:45:06Z,Day ahead,Solar generation,Solar,2025-11-20T02:30:00Z,2025-11-20,6,0.000
2025-11-19T16:45:06Z,Day ahead,Wind generation,Wind Onshore,2025-11-20T02:30:00Z,2025-11-20,6,6559.595
2025-11-19T16:45:06Z,Day ahead,Wind generation,Wind Offshore,2025-11-20T02:30:00Z,2025-11-20,6,12546.434
2025-11-19T16:45:06Z,Day ahead,Solar generation,Solar,2025-11-20T02:00:00Z,2025-11-20,5,0.000
2025-11-19T16:45:06Z,Day ahead,Wind generation,Wind Onshore,2025-11-20T02:00:00Z,2025-11-20,5,6559.595
2025-11-19T16:45:06Z,Day ahead,Wind generation,Wind Offshore,2025-11-20T02:00:00Z,2025-11-20,5,12546.434
2025-11-19T16:45:06Z,Day ahead,Wind generation,Wind Onshore,2025-11-20T01:30:00Z,2025-11-20,4,6487.684
2025-11-19T16:45:06Z,Day ahead,Wind generation,Wind Offshore,2025-11-20T01:30:00Z,2025-11-20,4,12524.526
2025-11-19T16:45:06Z,Day ahead,Solar generation,Solar,2025-11-20T01:30:00Z,2025-11-20,4,0.000
2025-11-19T16:45:06Z,Day ahead,Wind generation,Wind Onshore,2025-11-20T01:00:00Z,2025-11-20,3,6487.684
2025-11-19T16:45:06Z,Day ahead,Wind generation,Wind Offshore,2025-11-20T01:00:00Z,2025-11-20,3,12524.526
2025-11-19T16:45:06Z,Day ahead,Solar generation,Solar,2025-11-20T01:00:00Z,2025-11-20,3,0.000
2025-11-19T16:45:06Z,Day ahead,Wind generation,Wind Onshore,2025-11-20T00:30:00Z,2025-11-20,2,6436.317
2025-11-19T16:45:06Z,Day ahead,Wind generation,Wind Offshore,2025-11-20T00:30:00Z,2025-11-20,2,12650.273
2025-11-19T16:45:06Z,Day ahead,Solar generation,Solar,2025-11-20T00:30:00Z,2025-11-20,2,0.000
2025-11-19T16:45:06Z,Day ahead,Wind generation,Wind Onshore,2025-11-20T00:00:00Z,2025-11-20,1,6436.317
2025-11-19T16:45:06Z,Day ahead,Wind generation,Wind Offshore,2025-11-20T00:00:00Z,2025-11-20,1,12650.273
2025-11-19T16:45:06Z,Day ahead,Solar generation,Solar,2025-11-20T00:00:00Z,2025-11-20,1,0.000
